,Word
1332,Advent
2915,Bohemian
3789,Capacity
3857,Chaotic
154,Chivalrous
4703,Civil
4462,Cleft
1689,Clip
3727,Clout
3222,Clump
1508,Copious
334,Cosmic
2508,Elysium
2095,Imperviou
122,Machiavellian
1994,Occident
3994,Pandemonium
1578,Philistine
3170,Shangri-la
4619,Spartan
2681,abase
1140,abash
1704,abate
1556,abbreviate
2459,abdicate
1340,abduction
2708,aberrant
1179,aberration
3944,abet
428,abeyance
2697,abhor
4647,abide
2834,abject
1737,abjure
1868,ablution
2040,abnegation
3365,abode
926,abolish
583,abominable
4748,abominate
3048,aboriginal
4354,abortive
739,abrade
3193,abrasive
1298,abridge
3040,abrogate
4261,abscission
3779,abscond
2809,absolute
2780,absolve
3498,absorb
1457,abstain
2555,abstemious
3619,abstinence
1683,abstract
3135,abstruse
2098,abundant
390,abusive
3677,abut
2113,abysmal
623,abyss
3440,academic
3836,accede
951,accelerate
3861,accentuate
1188,accessible
1380,accessory
3948,acclaim
3366,acclimate
2654,acclivity
971,accolade
2148,accommodate
675,accomplice
1328,accord
1837,accost
2835,accoutre
4435,accretion
1314,accrue
1308,acerbity
4601,acetic
3264,acidulous
1551,acknowledge
2968,acme
2235,acne
3975,acoustics
2542,acquiesce
917,acquire
20,acquittal
3141,acrid
2774,acrimonious
212,acrophobia
364,actuarial
701,actuary
249,actuate
3415,acuity
4455,acumen
3263,acute
3965,adage
344,adamant
986,adapt
2746,addendum
1896,addiction
3762,addle
659,address
4242,adept
1067,adhere
3577,adherent
3305,adjacent
988,adjoin
921,adjourn
4616,adjunct
2495,adjuration
307,adjutant
4098,admonish
3623,admonition
937,adore
2813,adorn
2524,adroit
3364,adulation
47,adulterate
1672,advent
1262,adventitious
3000,adversary
380,adverse
4337,adversity
1931,advert
4756,advocacy
1024,advocate
4656,aegis
952,aerie
2934,"aerie(aery,eyrie,eyry)"
2147,aesthetic
530,affable
2955,affected
469,affidavit
4658,affiliation
2733,affinity
246,affirmation
2266,affix
3331,affliction
4022,affluence
4716,affront
2456,afterlife
2367,aftermath
1995,agape
1022,agenda
485,agent
950,agglomeration
1961,aggrandize
2384,aggregate
1635,aggressor
593,aghast
3065,agility
2519,agitate
3057,agnostic
3513,agog
157,agrarian
430,airy
3211,alacrity
974,alchemy
4096,alcove
3502,alias
4355,alienate
3316,alimentary
4671,alimony
266,allay
3850,allege
4604,allegiance
4059,allegory
2020,alleviate
451,alliteration
2025,allocate
3306,alloy
4110,allude
625,allure
1933,allusion
4419,alluvial
260,alms
3441,aloft
2777,aloof
4558,altercation
1415,altruistic
3843,amalgam
3370,amalgamate
1150,amass
3100,amazon
4476,ambidextrous
3775,ambience
1738,ambiguous
2292,ambivalence
2880,amble
990,ambrosia
1711,ambulatory
4044,ambush
4083,ameliorate
3224,amenable
3719,amend
2892,amenities
2741,amiable
860,amicable
1318,amiss
1682,amity
2088,amnesia
4682,amnesty
4693,amok(amuck)
2334,amoral
3858,amorous
3748,amorphous
1221,amphibian
141,amphitheater
1152,ample
1898,amplify
3118,amputate
4210,amulet
1584,anachronism
3357,anachronistic
1104,analgesia
534,analgesic
1123,analogous
1259,analogy
1858,anarchist
4286,anarchy
2310,anathema
4299,ancestry
3018,anchor
2665,ancillary
790,anecdote
3585,anemia
177,anesthetic
259,anguish
893,angular
4094,animadversion
4293,animated
4050,animosity
1110,animus
1363,annals
3431,anneal
2694,annex
3124,annihilate
3937,annotate
3747,annuity
516,annul
1353,anodyne
2259,anoint
2726,anomalous
381,anomaly
847,anonymity
504,anonymous
3952,antagonism
487,antecede
3987,antecedents
1930,antediluvian
3984,anthem
498,anthology
1950,anthropocentric
2271,anthropoid
2609,anthropologist
1493,anthropomorphic
3746,anticlimax
2738,antidote
69,antipathy
2827,antiquated
2263,antique
4047,antiquity
171,antiseptic
347,antithesis
1007,antler
4602,anvil
1417,apathy
2361,aperture
2803,apex
2144,aphasia
4058,aphorism
2142,apiarist
3003,apiary
314,apiculture
3436,aplomb
589,apocalyptic
4301,apocryphal
4227,apogee
4709,apolitical
1504,apologist
1918,apoplexy
550,apostate
905,apothecary
898,"apothegm(apophthegm) pithy, compact saying"
1847,apotheosis
3618,appall
271,apparatus
4405,apparent
706,apparition
1929,appease
2356,appellation
2023,append
3972,application
1209,apposite
3533,appraise
110,appreciate
1445,apprehend
91,apprehension
4457,apprehensive
3351,apprenticeship
1232,apprise
4102,approbation
126,appropriate
812,appurtenances
2964,apropos
64,aptitude
4041,aquatic
3720,aquiline
2586,arable
573,arbiter
1699,arbitrary
2236,arbitrate
3395,arbitrator
1919,arboreal
4358,arboretum
2273,arcade
3540,arcane
4585,arch-
3545,archaeology
3377,archaic
929,archetype
2257,archipelago
310,archives
1499,ardent
3099,ardor
2868,arduous
4456,argot
2164,aria
4217,arid
2386,aristocracy
4645,armada
1418,aromatic
2232,arousal
2579,arraign
2331,array
336,arrears
1032,arrest
3958,arrhythmic
3750,arrogance
3609,arroyo
3183,arsenal
213,artery
3071,artful
4383,articulate
797,artifact
4574,artifacts
4005,artifice
1790,artisan
3702,artless
821,ascendancy
1906,ascertain
2192,ascetic
1764,ascribe
1274,aseptic
1180,ashen
942,asinine
707,askance
3179,askew
2278,asperity
3197,aspersion
1779,aspirant
3809,aspire
4746,assail
1766,assay
4407,assent
1337,assert
2351,assessment
4424,assiduous
3384,assimilate
2543,assuage
1636,assumption
4544,assurance
2286,asteroid
518,astigmatism
1904,astral
3613,astringent
4479,astronomical
2072,astute
2453,asunder
632,asylum
2394,asymmetric
3755,atavism
2885,atheistic
2032,atlas
3870,atone
1357,atrocity
4673,atrophy
4118,attain
2047,attentive
3592,attenuate
1647,attest
484,attire
3176,attribute
3119,attrition
2054,atypical
2606,audacious
4033,audit
2276,"auditory,"
3312,augment
2983,augury
783,august
2814,aureole
4280,auroral
938,auspicious
1775,austere
197,authenticate
2376,authoritarian
3855,authoritative
3115,autocratic
4681,automaton
1416,autonomous
3736,autopsy
473,auxiliary
457,avalanche
4296,avantgarde
588,avarice
3368,avenge
1194,aver
3101,averse
4266,aversion
877,avert
59,aviary
3590,avid
3552,avocation
4704,avow
3008,avuncular
4306,awful
4640,awry
2087,axiom
1158,azure
1301,babble
3231,bacchanal
2330,bacchanalia
3584,bacchanalian
3596,backslide
514,backwards
4493,badger
3054,badinage
2866,baffle
4076,bait
1109,baleful
802,balk
1583,ballast
1338,balm
4035,balmy
1674,banal
3324,bandy
3373,bane
3515,bank
4420,bantering
3820,barb
1064,bard
705,barefaced
618,bargain
2662,baroque
759,barrage
2727,barren
4540,barricade
3277,barrister
919,barterer
356,base
3507,bask
872,bastard
4458,bastion
1423,bate
1316,battalion
84,bauble
3771,bawdy
2625,beam
2091,bearing
3180,beatific
1500,beatitude
2360,bedizen
535,bedraggle
2132,beeline
4298,befuddle
3216,beget
3769,begrudge
3358,beguile
1903,behemoth
3488,beholden
3435,behoove(behove)
1153,belabor
1984,belated
666,beleaguer
2581,belie
3369,belittle
743,bellicose
2345,belligerent
2920,bemoan
3665,bemused
3821,benediction
27,benefactor
2312,beneficent
4589,beneficial
1800,beneficiary
1669,benefit
620,benevolent
2621,benign
2064,benison
1575,bent
4310,bequeath
3465,berate
101,bereaved
3629,bereavement
2293,bereft
3717,berserk
1570,beseech
2029,beset
3941,besiege
3813,besmirch
1310,bestial
406,bestow
3178,betoken
1850,betray
1407,betroth
3252,bevy
3643,beware
3612,bewitch
3022,biased
4340,bicameral
292,bicker
4395,biennial
4045,bifurcated
4201,bigot
3794,bigotry
1604,bilious
1278,bilk
1581,billow
1428,billowing
4208,biting
223,bitter
297,bivouac
4344,bizarre
3597,blackball
3730,blanch
2362,bland
2840,blandishment
4649,blare
4230,blase
1818,blasphemy
2503,blasé
2431,blatant
2080,bleak
4557,blemish
1201,blight
250,blighted
2220,bliss
1524,blithe
2133,blithe(blithesome) gay; joyous
1097,bloated
3969,blotch
1001,blowhard
4134,bludgeon
4669,blue
2383,blues
1733,bluff
1475,blunder
1118,blunt
445,blurt
3847,blush
3790,bluster
3778,bode
708,bogus
587,bohemian
3085,boisterous
2773,bolster
458,bolt
1870,bombardment
867,bombast
1509,bombastic
2117,bookish
2632,booming
2859,boon
2381,boor
1642,boorish
3355,boost
215,botch
2199,bouillon
2355,bound
1976,boundless
1628,bountiful
556,bourgeois
1111,bout
3408,bovine
2423,bowdlerize
4256,boycott
3959,brackish
1455,brag
943,braggadocio
4178,braggart
553,braid
409,brand
4121,brandish
641,bravado
1655,brave
3521,brawl
3608,brawn
1552,brawny
3557,brazen
2410,breach
803,breadth
677,breed
3181,brevity
4353,bridle
2438,brim
1681,brindled
3828,brink
4314,brisk
1077,bristle
2211,bristling
839,brittle
1746,broach
1992,brocade
4778,brochure
2937,broil
3811,bromide
3212,brooch
4764,brood
3976,brook
2685,browbeat
1368,browse
745,bruise
2357,brunt
4313,brusque
102,buccaneer
4117,bucolic
3500,buffet
1602,buffoon
2923,buffoonery
108,bugaboo
4612,bulge
357,bulk
2212,bullion
2712,bully
142,bulwark
2396,bump
2847,bumptious
3129,bungalow
918,bungle
1427,buoyant
2262,bureaucracy
1968,burgeon
4038,burlesque
3758,burly
4644,burnish
3012,bust
2957,bustle
2597,buttress
3206,buxom
1444,cabal
2112,cache
2682,cacophonous
2760,cadaver
4320,cadaverous
2561,cadence
1838,cadet
4264,cajole
229,calamity
4074,calculated
1549,caldron
279,caldron(cauldron)
1617,caliber
1458,calligraphy
978,callous
787,callow
3896,callus
1056,calorific
3268,calumny
4607,camaraderie
1136,cameo
981,camouflage
1011,camp
4078,canard
3889,candor
3562,canine
1879,canker
3295,canny
2237,cant
3525,cantankerous
2183,cantata
33,canter
709,canto
1630,canvass
3262,capacious
1631,capacity
3560,capillary
216,capitulate
3232,caprice
741,capricious
2096,capsize
1027,caption
3442,captious
1978,captivate
3551,carafe
3104,carapace
3083,carat
597,carat(karat)
1382,carcinogenic
2200,cardinal
1121,cardiologist
4507,careen
1033,career
1285,carefree
4042,caricature
207,carillon
2645,carnage
1210,carnal
3233,carnivorous
2269,carousal
346,carping
4501,carrion
2207,cartographer
1394,cascade
1346,caste
4031,castigate
264,castigation
4625,castrate
1377,casual
2307,casualty
1281,cataclysm
4209,catalyst
1234,catapult
148,cataract
1842,catastrophe
4297,catcall
151,catechism
1216,categorical
1940,cater
879,cater to
664,catharsis
2451,cathartic
3985,catholic
3186,caucus
1611,caulk
3426,caulk(calk)
3041,causal
1391,caustic
468,cauterize
1078,cavalcade
4213,cavalier
2599,cavil
419,cede
1680,celebrated
57,celerity
2304,celestial
391,celibate
3904,cemetery
2821,censor
3245,censorious
1758,censure
4250,centaur
4214,centigrade
1102,centrifugal
2178,centrifuge
1309,centripetal
1839,centurion
682,cerebral
3474,cerebration
349,ceremonious
649,certitude
3671,cessation
1796,cession
843,chafe
858,chaff
4548,chaffing
2852,chagrin
403,chalice
4156,chameleon
8,champion
3076,championship
884,chancellor
970,chant
1723,chaotic
718,chapel
2498,chaperon
4071,chaplain
2065,char
4688,charisma
1187,charlatan
733,charm
2720,chary
1685,chase
3069,chasm
2041,chassis
2728,chaste
3249,chasten
1815,chastise
3202,chauvinist
4333,check
2969,checkered
1882,checkered(chequered)
3014,cherubic
85,chicanery
4626,chide
4768,chimerical
4508,chip
773,chisel
383,chivalrous
4018,choice
3807,choir
4040,choleric
4752,chore
3297,choreography
4244,chortle
143,chorus
1663,chronic
1560,chronicle
3679,chuckle
1505,churlish
1108,ciliated
4759,cipher
4053,circlet
2450,circuit
3034,circuitous
2965,circumlocution
2768,circumscribe
554,circumspect
1516,circumvent
192,cistern
4514,citadel
2149,cite
3185,civil
684,clairvoyant
4569,clamber
3504,clamor
2673,clandestine
3517,clangor
4712,clap
4526,clapper
3964,clarion
2635,clasp
2747,claustrophobia
1082,clavicle
4231,cleave
4017,cleft
1164,clemency
600,clench
438,clich\'e
3724,cliché
3409,clientele
746,climactic
2125,clime
170,clip
4108,clipper
3279,clique
2050,cloister
710,clot
736,clout
808,clown
4223,cloying
2756,coagulate
1605,coalesce
4190,coalition
1934,coax
28,coda
1178,coddle
1543,codicil
4617,codify
1183,coercion
281,coeval
1789,cogent
2171,cogitate
2120,cognate
295,cognitive
3890,cognizance
4336,cohabit
2411,cohere
2374,cohesion
2158,cohorts
4592,coiffure
3352,coin
4429,coincidence
3497,colander
394,collaborate
3296,collage
1996,collate
1825,collateral
3077,collation
210,collected
4115,colloquial
3382,colloquy
3810,collusion
2808,colossal
1000,colossus
2260,coma
3140,comatose
4535,combustible
2468,comeback
205,comely
392,comestible
2909,comeuppance
2744,comity
3599,commandeer
1303,commemorate
4755,commemorative
985,commensurate
804,commiserate
2961,commodious
4135,commonplace
1181,commonwealth
4648,communal
3848,commune
1942,compact
3637,comparable
3458,compartment
512,compassion
4503,compatible
1788,compelling
3004,compendium
3220,compensatory
3932,compilation
2994,compile
1859,complacency
886,complaisant
1525,complement
2620,complementary
1851,compliance
3207,compliant
1220,complicity
1962,component
2907,comport
4377,compost
1843,composure
1531,compound
1463,comprehend
261,comprehensive
2806,compress
1282,comprise
3735,compromise
71,compulsion
448,compulsive
3676,compulsory
2439,compunction
2061,compute
4089,concatenate
4685,concave
817,concede
2849,conceit
2896,concentric
4291,conception
2388,concerted
1358,concession
1748,conciliatory
1638,concise
4177,conclave
1844,conclusive
4357,concoct
2365,concomitant
3039,concord
1389,concordat
753,concur
2347,concurrent
4657,condescend
1139,condign
1983,condiments
3360,condole
2869,condone
2979,conducive
29,conduit
2298,confidant(confidante)
731,confide
2649,confidence
1276,confidential
2936,confine
1656,confiscate
2442,conflagration
590,confluence
655,conformist
2301,conformity
908,confound
3931,congeal
3332,congenial
3701,congenital
2397,conglomerate
1802,conglomeration
276,congruence
2775,congruent
3796,conifer
2557,conjecture
4423,conjugal
1648,conjure
2127,connivance
244,connoisseur
1378,connotation
3805,connubial
200,consanguineous(consanguine) having a common ancestor
3032,consanguinity
2612,conscientious
2152,conscript
1074,consecrate
77,consensus
3751,consequential
4624,conservatory(conservatoire)
4348,consign
3281,consistency
4123,console
3501,consolidation
1532,consonance
602,consonant
4216,consort
139,conspiracy
3078,conspire
3386,consternation
532,constituency
1725,constituent
3916,constitution
4489,constraint
187,construe
4633,consummate
3398,contagion
2327,contaminate
2354,contempt
1566,contend
1267,contention
1959,contentious
2683,contest
2038,context
1496,contiguous
3015,continence
453,contingent
1675,contortions
388,contraband
944,contravene
486,contrite
479,contrivance
2155,contrive
1564,contrived
2870,controvert
3625,contumacious
267,contusion
3682,conundrum
2944,convene
4048,convention
3108,conventional
3535,converge
2655,conversant
1387,converse
2753,convert
158,convex
4477,conveyance
1071,conviction
2913,convivial
1953,convoke
4109,convoluted
889,convulsion
1716,copious
1087,coquette
1266,cordial
2308,cordon
3102,cornice
3871,cornucopia
1598,corollary
3970,coronation
2616,coroner
2850,corporeal
973,corpulent
4028,corpus
4268,corpuscle
1652,correlate
3425,correlation
1757,corroborate
4265,corrode
2145,corrosive
1,corrugated
268,cosmic
12,cosmopolitan
1347,coterie
3880,countenance
164,countermand
4346,counterpart
2226,coup
272,couple
994,courier
2297,court
296,covenant
1257,covert
2617,covetous
931,cower
2213,cozen
1517,crabbed
1041,craft
184,crass
2502,crave
2781,craven
3683,credence
1676,credential
4342,credo
3489,credulity
4630,creed
764,creep
758,cremate
592,crescendo
4066,crest
284,crestfallen
3060,crevice
3371,cringe
1379,crinkle
2115,criteria
4573,crochet
2358,crone
2624,cross
3117,crossbreed
2894,crotchety
1948,crust
1941,crux
4713,crypt
4650,cryptic
939,cubicle
2841,cuisine
181,culinary
1256,cull
354,culmination
2980,culpable
220,culprit
3587,culvert
4359,cumbersome
2888,cumulative
2995,cunning
1240,cupidity
2039,curator
1637,curb
781,curfew
1916,curmudgeon
642,cursive
756,cursory
2008,curtail
4579,cynical
4674,cynosure
2326,dabble
2324,dainty
3151,dais
1841,dally
2172,damn
412,dank
4771,dapper
4402,dappled
3602,dart
3061,daub
111,daunt
2470,dauntless
1395,dawdle
2121,daze
3475,dazzle
2658,deadlock
1343,deadpan
366,dearth
2523,debacle
1907,debar
1127,debase
4487,debauch
4032,debilitate
82,debonair
1279,debris
4720,debunk
1438,debut
4319,debutante
1620,decadence
1249,decant
995,decapitate
2749,decelerate
1740,deciduous
3742,decimate
2215,decipher
4549,declivity
4302,decollete
1946,decomposition
1533,decorous
4350,decorum
2210,decoy
3130,decree
2463,decrepit
4421,decrepitude
3167,decry
4563,deducible
2798,deface
4111,defalcate
1866,defame
3363,default
2189,defeatist
3942,defect
3823,defection
2938,defer
1294,deference
979,defiance
835,defile
1561,definitive
472,deflect
2600,defoliate
958,defray
3833,defrock
4122,deft
4267,defunct
3439,defuse
3337,degenerate
1392,degradation
645,dehydrate
2598,deify
4113,deign
4683,delectable
471,delete
2457,deleterious
3390,deliberate
4257,delineate
692,delirium
1029,delta
1246,delude
2700,deluge
2128,delusion
1792,delusive
312,delve
2996,demagogue
1954,demean
2989,demeanor
227,demented
2836,demerit
977,demise
3851,demographic
3859,demolition
1066,demoniac
4620,demoniac(demoniacal)
575,demotic
3307,demur
4162,demure
2501,demystify
3826,denigrate
3780,denizen
1040,denomination
2366,denotation
2844,denouement
2057,denounce
3462,depict
3741,deplete
3128,deplore
584,deploy
14,deport
4145,depose
3482,deposition
1204,depravity
4081,deprecate
3705,depreciate
2534,depredation
1726,deputize
2067,deranged
798,derelict
156,dereliction
3907,deride
965,derision
1028,derivation
1688,derivative
3210,dermatologist
4637,derogatory
810,descant
3668,descry
4460,desecrate
4165,deserts
455,desiccate
3437,desolate
1872,desperado
3088,desperate
1017,despise
775,despoil
1884,despondent
1799,despot
4124,destitute
4343,desultory
4139,detached
3248,detain
24,detergent
2729,determinate
176,determination
4797,deterrent
2829,detonation
81,detraction
3090,detrimental
4679,deviate
2009,devious
3845,devise
1434,devoid
515,devolve
4481,devotee
3866,devout
2714,dexterous
2469,diabolical
2924,diadem
4575,diagnosis
4275,dialectical
3132,diaphanous
2776,diatribe
3417,dichotomy
3103,dictum
224,didactic
1208,diffidence
3576,diffuse
863,dignitary
1432,digression
2180,dilapidated
368,dilate
1865,dilatory
4438,dilemma
2042,dilettante
3161,diligence
4202,dilute
2591,diminution
25,dinghy
2316,dingy
1004,dint
3772,diorama
634,dire
4431,dirge
565,disabuse
3136,disaffected
2810,disapprobation
3651,disarray
3455,disavowal
3097,disband
1283,disbar
3897,disburse
500,discernible
3834,discerning
1192,disclaim
1895,disclose
1877,discombobulated
4369,discomfit
2196,discompose
2999,discomposure
1639,disconcert
3798,disconsolate
3175,discord
735,discordant
106,discount
1354,discourse
728,discredit
4587,discrepancy
1869,discrete
1296,discretion
3864,discriminate
1759,discriminating
3840,discursive
4105,disdain
4224,disembark
189,disenfranchise
2790,disengage
815,disfigure
1624,disgorge
4799,disgruntle
2174,dishearten
174,disheveled
315,dishonor
2168,disinclination
4774,disingenuous
4008,disinter
2925,disinterested
895,disjointed
2407,disjunction
2593,dislodge
3239,dismantle
2823,dismay
115,dismember
569,dismiss
3837,disparage
2066,disparate
1051,disparity
2921,dispassionate
3481,dispatch
4742,dispel
18,dispense
1741,disperse
4323,dispirited
3244,disport
3575,disproportion
242,disputatious
2573,disquiet
1510,disquietude
2245,disquisition
4502,dissection
1490,dissemble
4537,disseminate
3971,dissension
4791,dissent
770,dissertation
2552,dissident
799,dissimulate
313,dissipate
301,dissolute
3313,dissolution
1093,dissonance
679,dissuade
4150,distant
4706,distend
3603,distill
3946,distinct
2975,distinction
4659,distinctive
4186,distort
2731,distract
665,distrait
1756,distraught
492,diurnal
947,diva
4449,diverge
3007,divergent
2206,diverse
2082,diversion
294,diversity
3977,divest
463,divine
1073,divulge
3173,docile
4689,docket
232,doctrinaire
615,doctrine
2246,document
2422,doddering
1797,doff
2430,dogged
1803,doggerel
928,dogmatic
4326,doldrums
4542,doleful
2488,dolorous
3280,dolt
3017,domicile
2161,dominant
3863,dominate
1437,domineer
566,doodle
435,doom
3516,dormant
447,dormer
4471,dorsal
3461,dossier
1526,dotage
386,dote
999,dour
4786,douse
3528,dowdy
4593,downcast
1751,dowry
4533,dowse
4002,doze
3644,drab
1845,draconian
3966,draft
742,drama
1836,drastic
1506,draught
824,draw
4273,dregs
1593,dribble
542,drip
2641,drivel
10,droll
1068,drone
1335,droop
2596,dross
4204,drudge
4282,drudgery
4651,dubious
2015,ductile
2471,dulcet
4287,dull
134,dumbfound
2509,"dumbfound(dumfound) astonish (making dumb); ADJ. dumbfounded, dumfounded,
dumbstruck"
235,dummy
696,dupe
4711,duplicity
4565,duration
1091,duress
4608,dutiful
152,dutiful(duteous)
180,dwarf
4490,dwindle
199,dynamic
1252,dynamo
470,dys-
2176,dysentery
605,dyslexia
3929,dyspeptic
285,e indetermin
3051,e indicative indices indict indifferent indigenous indigent indignation indignity indiscretion indiscriminate indisputable indissoluble indoctrinate indolent indomitable indubitable induce indulgent in
2506,earmark
760,earn
2669,earthly
1061,earthy
1612,ebullient
4288,eccentric
793,eccentricity
4660,ecclesiastic
3191,eclectic
3670,eclipse
4014,ecliptic
3419,ecologist
3979,economy
2767,ecosystem
70,ecstasy
2049,ection
410,eddy
2816,edict
2874,edifice
4749,edify
595,edulous
269,eerie
538,efface
2375,effective
4308,effectual
4140,effectuate
256,effeminate
160,effervescence
2992,effete
433,efficacy
1594,effigy
4661,effluvium
2783,effrontery
2227,effulgent
4356,effusion
3956,effusive
912,egoism
4696,egotism
3287,egotistical
2348,egregious
1154,egress
1981,ejaculation
2405,elaborate
1009,elaboration
3689,elastic
2629,elated
4163,elegy
3595,elevation
3320,elicit
3554,elixir
2069,ellipsis
960,elliptical
1840,elope
1396,eloquence
2317,elucidate
2440,elusive
2402,elysian
2666,emaciated
1063,emanate
1782,emancipate
1769,emasculate
3456,embargo
56,embark
2234,embed
3338,embed(imbed)
2289,embellish
3354,embezzlement
1595,embitter
4529,emblazon
727,embody
657,emboss
2489,embrace
1752,embroider
4793,embroil
3144,embryonic
3016,emend
2078,emendation
674,emetic
2982,eminent
1217,emissary
1745,emollient
3208,emolument
3443,empathy
4386,empirical
3162,emulate
3934,enact
1892,enamored
1497,encipher
897,encircle
19,enclave
3406,encomiastic
3196,encomium
2663,encompass
2867,encroachment
3376,encumber
4767,endear
1544,endearment
123,endemic
972,endorse
2757,endue
3182,enduring
651,energize
1479,enervate
3908,enfranchise
4715,engage
969,engaged
3988,engaging
2474,engender
1168,engross
4312,engulf
4399,enhance
2408,enigma
3025,enigmatic
896,enjoin
3891,enlist
1247,enliven
914,enmity
3146,ennui
902,enormity
1785,enrapture
864,ensconce
1563,ensemble
3393,ensue
3042,entail
4766,enterprise
975,enterprising
2311,enthrall
1119,entice
1735,entitlement
2156,entity
1447,entomology
1717,entourage
991,entrance
3658,entreat
4615,entree(entr\'ee)
3591,entrepreneur
1536,enumerate
2608,enunciate
4672,environ
2878,eon(aeon)
3084,"epaulet(epaulette) ornament worn on the shoulder (of a uniform, etc.)"
327,ephemeral
1831,epic
4001,epicure
702,epicurean
936,epigram
3768,epilogue
4586,episodic
922,epistemologist
2545,epistolary
2672,epitaph
1643,epithet
4003,epitome
2222,epoch
528,equable
4172,equanimity
188,equestrian
920,equilibrium
4788,equine
964,equinox
747,equipoise
875,equitable
582,equity
131,equivocal
4531,equivocate
2701,erode
3522,erotic
2228,errant
1677,erratic
2864,erroneous
3761,erudite
4099,escapade
4684,escapism
2517,eschew
3690,esoteric
474,espionage
1832,espouse
1783,esteem
3072,estimable
2546,estranged
1471,ethereal
3786,ethnic
247,ethnology
3925,ethos
30,etymology
3754,eugenic
3347,eulogistic
2531,eulogy
2525,euphemism
1172,euphonious
2140,euphony
4241,euphoria
373,euthanasia
3490,evanescent
4641,evasive
2884,evenhanded
1360,eventual
2186,evince
621,evocative
137,evoke
1736,exacerbate
2893,exact
1355,exacting
3713,exalt
4509,exasperate
1673,except
4004,exceptionable
1162,excerpt
865,exchequer
2352,excise
1558,exclaim
784,excoriate
1185,exculpate
1476,execrable
1224,execrate
4062,execute
562,executioner
2280,executive
4254,executor
83,exegesis
2001,exemplary
3951,exemplify
3537,exempt
3731,exertion
1403,exhale
4787,exhaustive
4127,exhilarating
116,exhort
1182,exhume
1397,exigency
248,exiguous
1099,existential
2053,exodus
0,exonerate
503,exorbitant
3476,exorcise
2433,exotic
2272,expansive
866,expatiate
3420,expatriate
3924,expedient
153,expedite
800,expeditious
2436,expenditure
3760,expertise
1169,expiate
1678,expletive
2068,explicate
4629,explicit
1030,exploit
3706,expos\'e
2033,expository
3588,expostulation
2079,exposure
449,expound
1608,expropriate
1979,expunge
3630,expurgate
3721,exquisite
2318,extant
3430,extemporaneous
2418,extent
1229,extenuate
351,extirpate
1431,extol
1424,extort
3133,extradition
4777,extraneous
2243,extrapolation
1083,extricate
507,extrinsic
493,extrovert
258,extrude
3669,exuberance
2987,exude
342,exult
262,fabricate
2141,facade
714,facade(fa\c{c}ade)
3412,facet
2851,facetious
1429,facile
4609,facilitate
4272,facsimile
3005,faction
3611,factious
283,factitious
2249,factotum
1973,faculty
4103,fake
2853,fallacious
2595,fallible
3678,fallow
4072,falsify
3399,falter
3184,fanaticism
1846,fancied
3194,fancier
3503,fanciful
1730,fancy
1559,fanfare
3561,far-fetched
953,farce
1117,fashion
836,fastidious
1913,fatalism
4345,fathom
4613,fathomless
1772,fatuous
3079,fauna
2024,favoritism
1025,fawning
2817,faze
4422,feasible
2154,feature
1010,febrile
4785,fecundity
3378,feebleminded
4745,feign
3286,feint
2990,felicitous
3544,felicity
3107,feline
4722,fell
429,felon
452,feral
2695,ferment
2848,fermentation
1849,ferocious
568,ferret
3633,fertile
3123,fervent
4349,fervid
3139,fervor
3812,fester
2103,festive
3992,fete(f\^ete)
3318,fetid
4335,fetid(foetid)
2984,fetish(fetich)
2838,fetter
3359,feud
1734,fiasco
2536,fiat
525,fickle
724,fictitious
2962,fidelity
949,fiend
2291,figment
3960,figurative
23,figure
1470,figurine
505,filament
2916,filch
1212,filial
2690,filibuster
2167,filigree
1268,filing
2238,filth
1985,finale
3639,finery
76,finesse
1478,finicky
4260,finish
3659,finished
1902,finite
2454,firebrand
3883,fissure
3795,fitful
627,flabbergasted
1069,flaccid
1727,flag
1461,flagrant
2071,flail
4143,flair
3321,flamboyant
1373,flashy
1990,flaunt
628,flay
904,fleck
2007,fledgling
3635,"fledgling(fledgeling) inexperienced; N: young bird that has acquired wing feathers and is
learning to fly; inexperienced person"
1512,fleece
2702,fleet
4198,flick
2022,flicker
4189,flighty
1046,flinch
517,flip
3996,flippant
3954,flirt
3980,flit
3905,floe
3962,flora
1190,florescence
343,florid
4614,flotsam
2704,flounder
3329,flourish
36,flout
900,flowery
2755,fluctuate
3292,fluency
2165,fluke
1937,flush
1614,fluster
3257,fluted
2529,flutter
2762,flux
4235,fodder
1519,foible
4020,foil
78,foist
2169,foliage
278,foment
2076,foolhardy
464,foppish
2871,foray
4393,forbearance
1193,ford
571,forebears
956,forebears(forbears)
2089,foreboding
2111,forensic
413,forerunner
660,foreshadow
2081,foresight
4396,forestall
3529,forfeit
2031,forge
2872,forgo
4484,forgo(forego)
2479,forlorn
2320,formality
1148,formidable
2188,forsake
1120,forswear
4622,forte
3486,forthcoming
2480,forthright
2974,fortitude
2594,fortuitous
963,forum
1230,forward
3616,foster
3424,foul
4636,founder
2369,fracas
3330,fractious
1917,frail
441,franchise
42,frantic
2204,fraternize
34,fraudulent
1006,fraught
1489,fray
263,freebooter
1327,frenetic
4513,frenetic(phrenetic)
2370,frenzied
2554,fresco
53,fret
4737,friction
603,frieze
748,frigid
2281,fringe
3642,frisk
328,fritter
1987,frivolous
3723,frock
3930,frolic
4070,frolicsome
2551,frond
165,fructify
4744,frugality
1464,fruitful
4021,fruition
4412,frustrate
2341,fuddle
1286,fugitive
4157,fulcrum
2026,fulminate
1101,fulsome
652,fumble
2732,functional
2804,functionary
3909,fundamental
1587,funereal
4545,furlough
4239,furor
4695,furrow
1333,furtive
1370,fusillade
424,fusion
4075,fuss:
4176,fussy
98,futile
2886,gadfly
1684,gaffe
3622,gainsay
2717,gait
3438,galaxy
3662,gale
3289,gall
475,galleon
4453,galley
2562,gallows
4554,galvanic
1036,galvanize
3105,gambit
4252,gambol
1255,gamely
1713,gamut
1665,gangrene
3569,gape
3935,garbled
1591,gargantuan
1244,gargoyle
1855,garish
4023,garner
2427,garnish
2150,garrulous
2000,gastronomy
2592,gauche
4057,gaudy
3692,gaunt
1386,gavel
309,gawk
4196,gazette
1613,genealogy
2379,generality
3389,generate
1345,generic
4728,genesis
881,geniality
723,genre
1016,gent
2824,genteel
563,gentility
3986,gentle
3499,gentry
3716,genuflect
3549,genus
1572,geriatrics
1404,germ
4576,germane
483,germinal
1829,germinate
1239,gerontocracy
906,gerontology
2656,gerrymander
4443,gestate
3027,gesticulation
2678,ghastly
811,gibberish
2705,gibe
1141,giddy
3868,gild
2706,gingerly
1692,girth
4551,gist
3274,glacial
2873,glamor
643,glare
1157,glaring
2389,glaze
1107,gleam
4065,glean
744,glib
1330,glimmer
1742,glitter
669,gloat
2997,gloss
2610,gloss over
2261,gloss_over
1092,glossary
1640,glossy
3059,glow
1894,glower
491,glut
46,glutinous
782,glutton
1094,gnarl
1951,gnarled
3725,gnome
4524,goad
2240,gobble
2719,"going beyond common thought or ideas; impossible to understand by
transcendental practical experiences or practices; known only by studying thoughts or
intuition; OP. empirical; CF. transcendentalism"
4185,gorge
567,gory
1459,gossamer
1287,gouge
17,gourmand
585,gourmet
1860,gracious
1743,gradation
221,graduate
4517,graduated
3806,graft
809,granary
1513,grandeur
275,grandiloquent
340,"grandiloquent (of a person or speech) using high sounding or important-sounding language;
pompous; bombastic"
2193,grandiose
1018,granulate
2319,graphic
3711,graphite
1709,grapple
1320,grate
2492,gratify
2108,gratis
749,gratuitous
2114,gratuity
2398,gravity
673,graze
3911,gregarious
2005,grievance
1724,grill
3397,grim
2550,grimace
2945,grisly
2615,groom
3464,groove
2807,gross
4064,grotesque
635,grotto
1545,grouch
4029,grouse
2881,grove
1400,grovel
2854,growl
3473,grudge
4175,grudging
1351,gruel
374,grueling
4379,gruesome
761,gruff
1786,grumble
2622,grunt
1914,guffaw
2190,guile
4571,guileless
1325,guise
2284,gull
4,gullible
771,gush
1833,gust
104,gustatory
2241,gusto
794,gusty
2793,gyroscope
9,habitat
691,habituate
31,hackles
825,hackneyed
4491,haggard
1905,haggle
3171,hail
2602,halcyon
1881,hale
3856,halfhearted
1576,hallowed
496,hallucination
3149,halting
792,hamper
2619,handsome
1980,haphazard
570,hapless
4371,harangue
983,harass
2742,harbinger
1702,harbor
2504,hardy
3910,harping
719,harrowing
3432,harry
3487,hatch
3829,haughtiness
4643,haunt
3044,haven
2766,havoc
1986,hazard
2037,hazardous
1189,hazy
546,headfirst
4128,headlong
1003,headstrong
185,healthful
363,healthy
543,heckler
3983,hedonist
1291,heed
4451,heedless
2721,hegemony
431,heinous
722,helm
4034,herald
2268,herbivorous
3881,herd
2784,hereafter
3652,heresy
488,hermetic
4577,hermitage
4414,herpetologist
3066,heterodox
4144,heterogeneous
2966,heyday
2931,hiatus
1810,hibernal
1465,hibernate
2299,hide
1233,hideous
3505,hierarchy
4792,hieroglyphic
182,high-flown
4283,hilarity
3664,hindmost
2917,hindrance
393,hindsight
2642,hinterlands
2792,hireling
3947,hirsute
3920,historic
4580,historical
2646,histrionic
4486,hive
89,hoard
1823,hoary
1654,hoax
2160,hodgepodge
4765,holocaust
2328,holster
1718,homage
4757,homely
2778,homeostasis
690,homespun
1215,homily
4731,homogeneous
4450,hone
3982,hoodwink
3342,horde
2094,horoscope
1013,hortatory
1452,horticultural
4013,host
1235,hostage
4077,hostility
3111,hothead
3696,hovel
646,hover
79,hubbub
337,hubris
549,hue_and_cry
2912,hulking
345,hull
734,humane
1706,humanitarian
3326,humble
1993,humdrum
3080,humid
3236,humility
2709,hummock
3062,humor
4515,humus
3531,hurl
3223,hurtle
2134,husband
117,husbandry
2659,hybrid
2458,hydrophobia
3893,hygiene
3472,hyperbole
1664,hypercritical
3346,hypnosis
4100,hypochondriac
3270,"hypochondriac person unduly worried about his health; worrier without cause about illness;
ADJ. CF. hypochondria: neurosis that one is or is becoming ill; CF. abdomen"
3388,hypocritical
591,hypothetical
2842,hysteria
243,ichthyology
4488,icon
757,icon(ikon)
3031,iconoclastic
3993,ideology
3340,idiom
4418,idiosyncrasy
4662,idle
1372,idolatry
1988,idyll(idyl)
4362,idyllic
1113,igneous
633,ignite
1883,ignoble
1615,ignominy
4547,illicit
2891,illimitable
201,illuminate
1366,illusion
1408,illusive
903,illusory
1012,imbalance
2745,imbecility
90,imbibe
3087,imbroglio
2895,imbue
1371,immaculate
161,imminent
1871,immobility
2424,immolate
4434,immune
1565,immure
4581,immutable
1258,impair
155,impale
2571,impalpable
4019,impart
3660,impartial
890,impassable
3381,impasse
4181,impassioned
3045,impassive
3152,impeach
4331,impeccable
234,impecunious
4779,impede
3259,impediment
662,impel
4665,impending
3251,impenetrable
1520,impenitent
4523,imperative
4194,imperceptible
4572,imperial
4492,imperil
4691,imperiou
408,imperious
3674,impermeabl
4191,impermeable
1205,impersonal
302,impertinent
3198,imperturbable
1398,impervious
3056,impetuous
4012,impetus
3570,impiety
4168,impinge
2157,impious
4690,implacable
434,implausible
190,implement
1042,implicate
1031,implication
4416,implicit
2063,implode
4590,implor
766,implore
4158,imply
3973,impolitic
996,imponderable
861,import
1126,importun
4789,importunate
1700,importune
3949,impostor
3518,imposture
2901,impotent
2743,impoverish
1473,impoverished
1657,imprecation
3323,impregnabl
2565,impregnable
4232,impregnate
885,impromptu
1292,impropriety
2105,improvident
1430,improvise
2013,imprudent
404,impudence
4152,impugn
838,impuissance
2303,impunity
355,impute
1034,inadvertently
2143,inalienable
1889,inamorata
3578,inane
459,inanimate
3230,inarticulate
2283,inasmuch_as
1601,inaugurate
135,incandescent
1062,incantation
43,incapacitate
1541,incarcerate
2903,incarnate
2295,incarnation
2084,incendiary
1744,incense
3600,incentive
3046,inception
465,incessant
1433,inchoate
2043,incidence
3842,incident
3466,incidental
4561,incinerate
4719,incipient
2309,incisive
2601,incite
522,inclement
1932,incline
3607,inclined
1607,inclusive
147,incognito
1555,incoherent
3064,incommodious
4559,incompatible
62,incongruity
3401,incongruous
3563,inconsequential
4225,inconsistency
1817,incontinent
4388,incontrovertible
2843,incontrovertible indisputable; impossible to dispute; not open to question; unquestionable
2122,incorporate
2575,incorporeal
1774,incorrigibl
2412,incorrigible
4564,incr
4060,incredulity
2505,incredulous
2856,increment
4247,incriminate
2540,incrustation
4328,incubate
2572,incubus
4149,inculcate
552,incumbent
2425,incur
3491,incursion
1460,indecision
909,indecisive
1076,indefatigable
1653,indelible
3892,indemnify
4307,indentation
2177,indentur
3830,indenture
44,indeterminate
2671,indicative
1627,indices
4305,indict
3729,indifferent
1722,indigence
4218,indigenous
1023,indigent
3921,indignation
3564,indignity
2860,indiscriminate
299,indisputable
2882,indissoluble
5,indite
4482,indoctrinate
2763,indolent
4069,indomitable
2547,indubitable
2585,induce
653,induct
4187,inductive
444,indulge
203,indulgent
1406,industrious
74,inebriate
4750,inebriated
2718,ineffable
548,ineffectual
2497,ineluctable
4411,inept
925,inequity
2417,inerrancy
772,inert
1650,inestimable
848,inevitable
1226,inexorable
13,inextricable
2928,infallible
127,infamous
1618,infantile
2580,infer
2146,infernal
1977,infest
579,infidel
3356,infiltrate
2576,infinitesimal
3314,infirmity
2256,inflate
3923,inflated
4740,influx
1596,informal
1819,infraction
497,infringe
762,infuriate
2759,infusion
499,ingenious
3075,ingenue
1202,ingenuou
1095,ingenuous
4086,ingrained
2568,ingrate
1211,ingratiate
1534,inherent
2336,inhibit
2486,inhibited
2526,inimical
3172,inimitable
2603,iniquitous
319,initiate
3120,injurious
1522,inkling
829,innate
1550,innocuou
332,innocuous
1466,innovation
3950,innovative
3214,innuendo
1156,inopportun
3169,inopportune
35,inordinate
298,inquisitive
536,inquisitor
2139,inroad
1374,insalubrious
4618,insatiable
806,inscrutable
4325,insensate
1828,insensible
2541,insidious
3392,insightful
489,insinuate
1302,insipid
4736,insolenc
2862,insolence
2943,insolvent
4373,insomnia
622,insouciant
4026,instigate
1991,institute
1344,institution
4652,institutionalize
1198,insubo
1491,insubordination disobedience; rebelliousness; ADJ. insubordinate
4055,insubstantial
2677,insularity
779,insulated
322,insuperable
3038,insur
2162,insurgent
2404,insurmountable
1514,insurrection
3876,intangible
4452,integral
3282,integrate
3258,integrity
737,intellect
2926,intelligentsia
846,intemperate
389,inter
1707,interdict
1014,interim
3933,interjection
2750,interloper
3496,intermediary
2930,interment
411,interminable
3519,intermittent
3582,internecine
209,interpolate
2359,interregnum
3572,interrogate
4427,interstice
984,interven
3195,intervene
331,intimacy
2639,intimate
2640,intimidate
1778,intolerant
3246,intoxicate
596,intr
2946,intractable
3894,intransigence
2426,intrepid
253,intricate
3339,intrigue
4382,intrinsic
1339,introspective
3394,introvert
3808,intrude
372,intuition
1026,inundate
610,inur
4698,inured
1626,invalid
245,invalidate
49,invasive
2951,invective
3773,inveigh
768,inveigle
3460,inverse
2300,invert
3573,inveterate
1597,invidiou
4595,invidious
4500,invigorate
3283,invincible
683,inviolable
3589,invocation
4726,invok
604,invoke
4120,invulnerable
1861,iota
4623,irascibl
3997,irascible
1449,irate
572,iridescent
1213,irksome
654,ironic
4714,irony
2406,irreconcilable
1096,irrefutable
1793,irrelevant
3989,irremediable
2532,irreparable
4628,irrepressible
466,irreproachable
169,irresolute
2613,irretrievable
395,irreverence
853,irrevocable
1173,isotope
3743,isthmus
4243,itinerant
3035,itinerary
1254,jabber
321,jaded
2051,jargon
2170,jaundice
1054,jaundiced
598,jaunt
3787,jaunty
3284,jeopardize
3153,jest
1299,jetsam
1623,jettison
4101,jibe
3215,jingoist
3019,jocose
3309,jocular
2428,jocund
1494,jollity
3492,jostle
2392,jovial
1616,jubilation
1965,judiciary
2221,judicious
4494,juggernaut
377,jumble
3350,juncture
2116,junket
2963,junta
3784,juridical
1319,jurisdiction
1195,jurisprudence science of law
2722,juxtapose
4160,kaleidoscope
894,kernel
3726,killjoy
4732,kindle
574,kindred
4667,kinetic
396,kismet
2574,kleptomaniac person who has a compulsive desire to steal
1760,knack
2166,knave
855,knead
1145,kneel
3873,knell
4512,knit
4770,knoll
4760,knotty
1015,kudos
3311,labile
2959,laborious
3158,labyrinth
1043,lace
1873,laceration
2421,lachrymose
614,lackadaisical
2794,lackluster
4318,laconic
1553,laggard
2377,lagoon
1710,laity
2003,lament
1686,lampoon
3145,lance
2216,lancet
4783,languid
521,languish
1315,languor
2828,lank
4654,larceny
834,larder
2441,largess
3917,lascivious
2511,lassitude
2605,latch
3874,latent
3523,lateral
168,latitude
4233,laud
2636,lavish
4321,layman
120,leash
4772,leave-taking
4130,leaven
2927,lechery
4289,lectern
4591,leery
4582,leeway
520,legacy
2988,legato
1926,legend
2473,legerdemain
3265,legislature
3341,leniency
4206,leonine
1719,lethal
1939,lethargic
2218,levee
1390,levitate
3542,levity
1573,levy
3867,lewd
1115,lexicographer compiler of a dictionary; CF. lexicography: work of compiling a dictionary
4798,lexicon
826,liability
1928,liaison
4182,libel
4387,libertine
4363,libidinous
1419,libido
966,libretto
2805,license
1248,licentious
2004,lien
537,ligneous
105,lilliputian
2393,limber
3640,limbo
3610,limn
4408,limp
3450,limpid
1949,lineage
2914,lineaments
1420,linger
2287,linguistic
935,lionize
2101,liquidate
1897,list
687,listless
3023,litany
1238,lithe
4729,litigation
3203,litotes
1176,litter
2472,livid
4498,loath
1864,loathe
4495,lode
443,loft
50,lofty
4084,loiter
907,loll
1203,longevity
3449,lookout
257,loom
1625,lope
1112,lopsided
4761,loquacious
3315,lottery
3463,lounge
2795,lout
3546,lubricate
3624,lucid
619,lucrative
3765,lucre
2159,ludicrous
513,lugubrious
4236,lull
3225,lumber
1957,lumen
1241,luminary
1048,luminous
4082,lunar
4567,lunatic
3620,lurid
2535,lurk
3033,luscious
4655,lush
1305,lust
436,luster
4091,lustrous
4699,luxuriant
2255,luxuriate
1321,macabre
801,mace
1451,macerate
3467,machinations
4694,maculated
3898,madrigal
656,maelstrom
2499,magisterial
4148,magistrate
2507,magnanimity
1273,magnate
72,magniloquent
4155,magnitude
2559,maim
1924,makeshift
4556,maladroit
1909,malady
2021,malaise
4136,malapropism
2652,malapropos
2432,malcontent
482,malediction
4735,malefactor
940,maleficient
4562,malevolent
3844,malfeasance
1621,malicious
3852,malign
3273,malignant
3791,malingerer
789,malleable
976,malodorous
92,mammal
4132,mammoth
1049,manacle
3243,mandate
948,mandatory
3086,mange
954,mangle
3524,mangy
519,maniacal
2302,manifest
1105,manifestation
422,manifesto
4183,manifold
3254,manipulate
2475,mannered
1177,mannerism
4762,mantle
4725,manumit
1486,maraud
1214,margin
2739,marginal
2676,marital
303,maritime
1467,marked
1537,maroon
923,marred
2058,marrow
2466,marshal
144,marsupial
2231,martial
2153,martinet
3631,martyr
4166,mash
774,masochist
2833,mason
4167,masquerade
1088,mass
3049,masticate
2785,materialism
1284,maternal
255,matin\'ee(matinee)
454,matriarch
2294,matriculate
636,matrimony
932,matrix
586,maudlin
2052,maul
2684,mausoleum
1708,mauve
437,maverick
4739,mawkish
1151,maxim
2764,mayhem
2693,meager
3653,mealymouthed
2126,meander
1915,meddlesome
2225,mediate
4747,mediocre
450,meditation
3649,medium
4730,medley
738,meek
2270,megalomania
3912,melancholy
375,melee
2400,mellifluous
3485,memento
1641,memoir
4274,memorial
1809,memorialize
1507,menace
871,menagerie
2566,mendacious
4560,mendicant
218,menial
2373,mentor
1304,mercantile
4114,mercenary
2627,mercurial
358,meretricious
3703,merger
3841,merit
54,mesmerize
4478,metallurgical
2340,metamorphosis
2464,metaphor
3567,metaphysical
4169,mete
1528,meteoric
3163,meter
2274,methodical
3558,meticulous
3926,metrical
4125,metropolis
1293,mettle
1435,miasma
564,microcosm
335,migrant
1694,migratory
647,milieu
4539,militant
924,militate
658,militia
4532,millennium
3081,mime
4475,mimicry
892,minabl
1288,minatory
4444,mincing
3114,mingle
3636,miniature
3824,minion
1401,minuscule(miniscule)
3707,minute
933,minutiae
3667,mirage
4309,mire
1065,mirth
725,misadventure
293,misanthrope
3687,misapprehension
65,miscellaneous
957,miscellany
3884,mischance
4389,mischief
639,misconduct
3479,misconstrue
4391,miscreant
837,misdemeanor
2073,miserly
1483,misgivings
1830,mishap
4300,misnomer
3694,misogamy
1237,misogynist
2906,missile
3187,missive
3822,mite
3383,mitigate
287,mittent
1767,mnemonic
4463,mobile
2604,mock
370,mode
4188,modicum
4441,modish
1701,modulate
2494,mogul
3781,molecule
4773,mollify
1698,mollycoddle
4036,molt(moult)
3343,molten
1658,momentous
288,momentum
2643,monarchy
601,monastic
1263,monetary
1200,mongrel
58,monochromatic
4294,monochrome
4794,monogram
1485,monograph
2942,monolithic
1606,monotheism
3447,monotony
2416,monumental
2660,moodiness
1765,moratorium
4240,morbid
1567,mordant
3204,mores
2530,morgue
1888,moribund
2948,morose
1477,mortar
4724,mortician
3797,mortify
989,mosaic
1824,mote
612,motif
3448,motility
112,motley
3468,mottled
130,motto
849,mountebank
2858,muddle
280,muggy
2737,mulct
785,multifarious
693,multiform
2786,multilingual
2099,multiplicity
4085,mundane
4678,munificent
1646,mural
2445,murky
703,murmur
3293,muse
2339,musky
4754,muster
2476,musty
1535,mutablility
3391,mute
4219,muted
175,mutilate
3511,mutinous
3374,mutter
186,myopic
1781,myriad
95,mystic
1527,nadir
1323,"naivet\'e(naivety) quality of being unsophisticated; simplicity; artlessness; gullibility; ADJ.
naive(na\""ive): ingenuous; lacking worldliness; simple; credulous"
6,narcissist
1218,narrative
2314,nascent
4179,natal
4646,natation
15,natty
3444,nausea
3242,nauseate
3094,nauseous
3403,nautical
4465,navigable
1690,nebula
1554,nebulous
2548,necromancy
1453,nectar
3770,nefarious
4578,negate
3322,negligence
3020,negligible
2258,nemesis
3853,neologism
400,neophyte
3229,nepotism
1588,nether
21,nettle
159,nexus
3885,nicety
1966,niggardly
4068,niggle
3493,nihilist
2514,nimble
3646,nirvana
629,nocturnal
648,noisome
4499,nomadic
1468,nomenclature
3106,nominal
308,nonchalance
4197,noncommittal
3445,nondescript
3013,nonentity
1021,nonplus
195,nonsense
3304,noose
2949,nostalgia
3953,nostrum
3744,notable
311,notch
4784,notoriety
93,nourish
2515,nourishment
4137,nova
1348,novelty
4603,novice
1854,noxious
3209,nuance
1801,nubile
277,nugatory
1814,nullify
2460,numismatist
2638,nuptial
1075,nurse
3783,nurture
930,nutrient
2839,nutrition
3266,nutritious
1695,oath
1331,oatmeal
2657,obdurate
3626,obeisance
138,obelisk
711,obese
1834,obfuscate
1245,obituary
382,objective
3348,obligatory
3213,oblique
3299,obliterate
4329,oblivion
2967,oblivious
4436,obloquy
2344,obnoxious
2769,obscure
2017,obsequious
401,obsequy
2518,obsessive
2628,obsidian
2556,obsolete
2181,obstetrician
318,obstinate
3125,obstreperous
3300,obtrude
4327,obtuse
1893,obviate
3650,occlude
1911,occult
3200,oculist
2325,odds
2699,odious
1856,odium
4262,odoriferous
668,odorous
2954,odyssey
2779,offensive
1383,offhand
3480,officious
1912,ogle
1585,olfactory
1943,oligarchy
4469,ominous
2607,omnipotent
2409,omnipresent
4468,omniscient
2971,omnivorous
1384,onerous
3237,onomatopoeia words formed in imitation of natural sounds
2342,onslaught
4238,onus
3154,ooze
1300,opalescent
3413,opaque
4594,opiate
66,opportune
4697,opportunist
616,opprobrium
305,optician
2637,optimist
2363,optimum
1171,optional
2796,optometrist
967,opulence
2831,opus
3495,oracular
1236,orator
533,oratorio
2905,ordain
4670,ordeal
398,ordinance
2315,ordination
3052,orgy
1562,orient
4290,orientation
1804,orifice
2958,ornate
4675,ornithologist
2558,orthodox
1574,orthography
765,oscillate
1426,ospective
4052,osseous
2086,ossify
2242,ostensible
4170,ostentatious
333,ostracize
191,oust
75,outcast
3253,outfit
3939,outgoing
480,outlandish
3699,outlaw
2818,outlook
2046,outmoded
306,outrage
3150,outskirts
1250,outspoken
4338,outstrip
2487,outwit
887,ovation
1058,overbearing
1191,overblown
2812,oversee
2904,overt
2691,overthrow
2667,overture
3227,overturn
1805,overweening
1967,overwhelm
3571,overwrought
4440,ovoid
1450,pachyderm
704,pacifist
3387,pacify
2097,padre
1081,paean
254,painstaking
4516,palatable
2173,palate
2875,palatial
3131,paleontology
1945,palette
4126,palimpsest
3164,pall
3656,pallet
3634,palliate
3766,pallid
2239,palm
3380,palpable
2653,palpitate
4009,paltry
4627,panacea
2313,panache
2477,pandemic
3452,pander
4107,panegyric
3938,pang
3301,panoramic
4403,pantomime
4473,papyrus
607,parable
3899,paradigm
1349,paradox
2461,paragon
3156,parallel
3028,parallelism
2254,parameter
3722,paramount
2194,paramour
3024,paranoia
4271,paraphernalia
4751,paraphrase
2197,parasite
4504,parched
4538,parchment
1133,pare
3799,pariah
2861,parish
252,parity
1375,parlance
2478,parley
1666,parochial
228,parody
3310,paroxysm
4437,parquet
2633,parry
3846,parsimony
3793,partial
823,partiality
3913,partisan
3745,partition
827,parvenu
1975,pass\'e
2978,pass_off
1754,passive
1044,paste
4425,pastiche
4375,pastoral
650,pastry
869,patent
2815,pathetic
1592,pathological
3819,pathos
1462,patina
2972,patois
3137,patriarch
3302,patrician
4039,patrimony
3362,patronize
4304,paucity
3614,pauper
2751,peccadillo
326,pecuniary
1399,pedagogue
1253,pedagogy
2131,pedant
4205,pedantic
2900,peddle
1960,pedestal
3648,pedestrian
3288,pediatrician
1128,pedigree
1827,peer
4394,peerless
1969,peevish
814,pejorative
178,pell-mell
3749,pellucid
4092,penance
3336,penchant
2247,pendant(pendent)
460,pending
1414,pendulous
1035,penetrate
3998,penitent
237,penology
415,pensive
4406,penumbra
1306,penury
3802,peon
2118,perceptive
476,percussion
2698,perdition
3319,peregrination
4011,peremptory
3955,perennial
3520,perfidious
1297,perforate
1146,perfunctory
397,perigee
1264,perimeter
99,peripatetic
3776,peripheral
4180,periphery
3940,perjury
4352,permeable
3804,permissive
2973,pernicious
4708,peroration
1089,perpetrate
3192,perpetual
1887,perpetuate
529,perquisite(perk)
3914,persevere
3453,persist
3050,personable
1816,personify
341,perspicacious
4400,perspicuity
2448,perspicuous
2036,pert
1199,pertinacious
132,pertinent
1761,perturb
1385,peruse
3011,pervasive
3961,perverse
3627,perversion
3109,pervert
2837,pessimism
367,pestilential(pestilent)
3405,pestle
2018,petrify
369,petty
2452,petulant
4200,phalanx
60,pharisaical
3188,pharisee
1691,phenomena
1322,philanderer
791,philanthropist
3814,philatelist
3654,philology
2588,phlegmatic
3888,phobia
323,phoenix
1057,phylum
1059,physiognomy
1487,physiological
3459,piebald
3815,piecemeal
4505,pied
3757,piety
4079,pigment
145,pilfer
2899,pillage
3067,pillory
3615,pinch
681,pine
172,pinion
1265,pinnace
506,pinnacle
4366,pious
1629,piquant
2420,pique
128,piscatorial
4753,pitfall
2626,pith
4426,pithy
384,pittance
1055,pivotal
4483,placate
1886,placebo
754,placid
4174,plagiarize
140,plaintive
667,plait
3241,plane
118,plaster
1890,plasticity
2830,platitude
2998,platonic
3089,plaudit
167,plausible
786,plebeian
4007,plebiscite
555,plenary
3785,plenitude
3675,plethora
1411,pliable
2686,pliant
2528,plight
222,ploy
1488,pluck
1005,plumage
1538,plumb
1944,plumber
4138,plume
3922,plummet
1125,plump
3238,plutocracy
4010,podiatrist
3036,podium
4392,poignancy
2797,poise
3606,polar
3269,polarity
4596,polarize
4234,polemic
1577,polemical(polemic)
2175,politic
1938,polity
1910,polygamist
4119,polyglot
3698,pomposity
3234,ponderous
3872,pontifical
3586,pore
3058,porous
2500,porridge
2135,portend
107,portly
230,pose
4311,poseur
1170,posterity
3684,posthumous
3559,postmortem
3429,postulate
2353,posture
1755,potable
671,potent
987,potentate
813,potential
3454,potion
854,potpourri
1184,poultice
3672,pr\'ecis
4800,practicable
2715,practical
2151,pragmatic
1289,pragmatist
3126,prance
3110,prank
644,prate
4380,prattle
371,preamble
1350,precarious
3201,precedent
776,precept
3159,precinct
1421,precipice
2419,precipitant
2710,precipitate
3945,precipitous
4361,precise
3217,preclude
4676,precocious
2205,precursor
3021,predator
1175,predecessor
1899,predetermine
1161,predicament
4454,predilection
2537,predispose
2516,preeminent
501,preempt
2877,preen
179,prefatory
1714,prefigure
1891,prehensile
417,prelate
4790,prelude
1645,premeditate
576,premise
968,premonition
2224,premonitory
4525,preponderance
4459,prepossessing
3875,preposterous
3512,prerogative
4384,presage
624,prescience
4279,presentiment
4171,prestige
162,presume
219,presumptuous
4215,pretend
3294,pretension
2787,pretentious
997,preternatural
1720,pretext
1422,prevail
3367,prevalent
3168,prevaricate
4229,prey
962,prim
545,primal
1045,primary
3470,primate
1521,prime
510,primogeniture
4631,primordial
850,primp
2521,pristine
4775,privation
1705,privy
1405,prize
3849,probe
1361,probity
2093,problematic
3978,proclivity
1529,procrastinate
3792,procurement
2290,prod
1874,prodigal
16,prodigious
425,prodigy
3895,profane
882,profligate
1446,profound
851,profusion
4153,progenitor
3298,progeny
359,prognosis
2782,prognosticate
3070,prohibitive
1222,projectile
4700,proletarian
946,proliferate
208,prolific
3228,prolixity
1749,prologue
68,prolong
1523,prominent
750,promiscuous
998,promontory
1880,promote
1038,prompt
3325,promulgate
3260,prone
1412,prong
4364,pronounced
4370,prop
1129,propagate
2074,"propellant(propellent) substance which propels or drives forward (such as an explosive
charge or a rocket fuel)"
3680,propensity
4024,prophetic
2034,prophylactic
3471,propinquity
2981,propitiate
1956,propitious
4653,proponent
4184,propound
828,propriety
3095,propulsive
1336,prosaic
3055,proscenium
4795,proscribe
1811,proselytize
4605,prosody
194,prosper
2248,prosperity
3862,prosperous
3981,prostrate
273,prot\'eg\'e
2947,protagonist
3308,protean
4054,protocol
61,prototype
1356,protract
1542,protrude
3372,protuberance
4521,provenance
4439,provender
638,proverb
2202,providence
1295,provident
3147,provincial
4776,provision
3632,provisional
1037,proviso
1207,provocative
3617,prowess
4718,proximity
1901,proxy
3681,prude
3645,prudent
3816,prune
1223,prurient
2429,pseudonym
4248,psyche
3285,psychiatrist
2368,psychic
2902,psychopathic
2752,psychosis
173,psychosomatic
1900,pterodactyl
1501,pucker
3006,pudding
4193,puerile
1659,pugilist
2250,pugnacity
4430,puissant
3801,pulchritude
86,pulmonary
87,pulpit
3708,pulsate
2723,pulse
672,pulverize
3598,pummel
2182,punctilious
3026,pundit
3349,pungent
1729,punitive
3800,puny
4600,purchase
2584,purgatory
1762,purge
2935,purport
4727,purported
3335,purse
4583,purveyor
3142,pushy
3879,pusillanimous
1997,putative
2002,putrefy
4496,putrescent
712,putrid
678,puzzle
240,pyromaniac
1634,quack
88,quadruped
2321,quaff
511,quagmire
3247,quail
2533,quaint
4480,qualified
2887,qualify
3957,qualms
2991,quandary
3483,quarantine
97,quarry
819,quash
1342,quay
1367,queasy
3029,queer
4211,quell
2191,quench
2481,querulous
4734,query
4552,queue
1362,quibble
163,quicksilver
2482,quiescent
1649,quietude
3712,"quintessence purest and highest embodiment; perfect example; apotheosis; most essential
element; Ex. quintessence of wit; ADJ. quintessential; CF. fifth essence"
2788,quip
578,quirk
3526,quisling
316,quiver
2724,quixotic
2857,quizzical
2338,quorum
1982,quotidian
1687,rabble
2863,rabid
3583,rabies
4270,raconteur
523,raffle
4292,ragamuffin
490,rail
4474,raiment
1518,rake
2976,rakish
350,rally
73,ramble
763,ramification
2692,ramify
4226,ramp
713,rampant
1885,rampart
3416,ramshackle
1409,rancid
1753,rancor
4518,random
2372,rank
508,rankle
2734,ransack
721,rant
1019,rapacious
4088,rapport
3189,rapt
2668,rapture
3134,rare
4570,rarefied
3657,rasp
399,raspy
2865,ratify
348,ratiocination
39,ration
502,rational
2443,rationale
4527,rationalize
3276,raucous
959,ravage
1806,rave
2567,ravel
661,ravenous
3073,ravine
4428,raze
376,rdination
442,reactionary
3484,realm
859,reaper
1495,rebate
524,rebuff
2296,rebuke
26,rebus
1311,rebuttal
1644,recalcitrant
982,recant
3767,recapitulate
1728,recast
3093,receptive
202,recess
2185,recession
4322,recidivism
2,recipient
2578,reciprocal
2674,reciprocate
3451,recital
3756,recite
3902,reckon
4030,recline
4164,recluse
3063,reconcile
4432,recondite
3621,reconnaissance
4606,recount
4112,recourse
2483,recreant
1667,recrimination
3886,rectify
2006,rectitude
2496,recumbent
4553,recuperate
2401,recurrent
1798,redolent
617,redoubtable
3190,redress
3235,reduce
2819,redundant
910,reek
2911,refectory
3166,referendum
2623,refraction
3854,refractory
3860,refrain
3641,refulgent
1807,refurbish
2012,refuse
4006,refute
1160,regal
2513,regale
2993,regatta
862,regeneration
4281,regent
1848,regicide
477,regime
4146,regimen
2138,regiment
3838,rehabilitate
1721,reimburse
2332,reinstate
4104,reiterate
1862,rejoinder
2630,rejuvenate
193,relapse
3739,relegate
4445,relent
3901,relevant
2918,relic
1820,religious
4381,relinquish
4397,relish
4519,remediable
2740,reminiscence
338,reminiscent
2770,remiss
324,remission
1114,remit
325,remittance
3580,remnant
1970,remonstrate
2343,remorse
3457,remunerative
3918,rend
1134,render
992,rendezvous
2129,rendition
1600,renegade
1935,renege
3410,renounce
196,renovate
4461,renown
3218,rent
3974,reparable
1359,reparation
833,repartee
1084,repast
4781,repeal
557,repel
467,repellent
2754,repercussion
3594,repertoire
4372,repine
4692,replenish
577,replete
2035,replica
365,replicate
2244,repose
3734,repository
2985,reprehensible
4610,representational (of a style of art) showing things as they actually appear in real life
1876,repress
136,reprieve
1568,reprimand
2085,reprisal
2100,reprise
166,reproach
4409,reprobate
4269,reprobation
289,reprove
3869,repudiate
2950,repugnance
2467,repulse
4543,repulsion
2644,reputable
2799,reputed
1712,requiem
4037,requisite
3433,requisition
3506,requite
1812,rescind
2800,resentment
3999,reserve
1206,residual
560,residue
845,resign
2282,resignation
2820,resilient
4141,resolution
2544,resolve
2056,resonant
2910,resort
4415,resound
2136,resourceful
2275,respiration
1908,respite
3113,resplendent
149,responsiveness
3344,restitution
873,restive
1251,restraint
2364,resumption
1925,resurge
3543,resurrect
286,resuscitate
3915,retain
726,retaliate
1307,retard
4390,retentive
2876,reticent
446,retinue
1763,retiring
2713,retort
1546,retract
594,retrench
2520,retribution
41,retrieve
7,retroactive
2434,retrograde
2512,retrospective
2647,revelry
2077,reverberate
1784,reverend
4410,reverent
3469,reverie
2011,revert
1474,revile
911,revoke
1317,revulsion
2179,rhapsodize
3096,rhapsody
3709,rhetoric
830,ribald
1972,rickety
290,riddle
916,rider
3345,rife
48,rift
1777,righteous
3704,rightful
3221,rigid
531,rigor
3691,rile
1715,rivet
4470,riveting
1668,rivulet
4051,robust
2380,rococo
4398,rogate
4249,roil
874,rolling
461,romp
1124,rooster
3740,roseate
2679,roster
3661,rostrum
3030,rote
1619,rotund
1622,rotunda
251,rotundity
3255,rou\'e
740,rousing
4466,rout
407,rubble
1159,rubric
4278,ruddy
2137,rudimentary
1660,ruffian
1242,rumble
752,ruminant
1436,ruminate
4467,rummage
2184,run-down
2522,runic
857,ruse
769,rustic
3968,rusticate
1439,rustle
1768,ruthless
4550,s inebriated ineffable ineffectual inefficaciou
4259,s inept inequity inert inevitable inexorable infallible infamous infantile infer infernal infidel infiltrate infinitesimal
3536,saboteur
4147,saccharine
2119,sacrilegious
856,sacrosanct
4277,sadistic
2413,saga
1661,sagacious
4621,sage
2664,salacious
4151,salient
4131,saline
4080,sallow
1498,salubrious
300,salutary
1116,salvage
3402,sanctimonious
1547,sanction
22,sanctuary
4245,sanguinary
3510,sanguine
2791,sarcasm
1579,sardonic
4332,sartorial
2010,sate
599,satellite
1826,satiate
4733,satire
4401,satirical
807,saturate
1131,saturnine
558,satyr
1100,saunter
4701,savant
899,savor
4027,savory
4485,scabbard
852,scad
4597,scaffold
3160,scale
608,scanty
1610,scapegoat
3774,scavenge
233,scenario
901,schematic
3574,scheme
4686,schism
456,scholarly
2570,scintilla
4093,scintillate
3116,scion
2711,scoff
1867,scorch
4584,score
2939,scotch
1269,scourge
868,scowl
3963,scrap
888,scrappy
4707,scraps
2707,screech
755,scrimmage
4497,scruple
1137,scrupulous
3538,scrutinize
640,scuffle
2075,scurrilous
385,scurry
217,scurvy
3817,scuttle
1603,seamy
1275,sear
1070,season
630,seasonable
80,seasonal
3379,seasoned
4339,secession
2264,seclusion
1857,secrete
4000,sect
3877,sectarian
4365,secular
715,sedate
2070,sedentary
4246,sedition
113,seduce
822,sedulous
2382,seedy
1410,seemly
4506,seep
3334,seethe
423,seine
1936,seismic
4376,selective
3733,self-indulgence
4448,self-righteous
3700,semblance
3427,seminal
818,seminary
414,senility
1085,sensitization
4534,sensual
2279,sensuous
2977,sententious
1425,sentient
4668,sentimental
3900,sentinel
2195,septic
4717,sepulcher
4536,sequester
2201,sere
3539,serendipity
4049,serenity
2825,serpentine
317,serrated
2233,servile
670,servitude
1515,sever
238,severity
2801,sextant
880,shack
676,shackle
4061,shade
1482,sham
720,shambles
1732,shard
4446,shaving
3165,sheaf
934,shear
3990,sheathe
1442,shed
3752,sheer
4663,sherbet
1326,shift
1794,shimmer
109,shirk
4073,shoddy
2811,shoot
360,shove
3695,shrew
1103,shrewd
544,shrivel
1835,shudder
780,shuffle
3710,shun
3887,shunt
3936,shyster
1511,sibling
2650,sibylline
2687,sidereal
1448,sidetrack
2385,sift
1548,significant
2124,silt
2582,simian
2716,simile
1875,simper
3361,simplistic
767,simulate
4638,sinecure
3737,sinewy
1225,singular
3010,sinister
3434,sinuous
4687,siren
4433,skeptic
2322,skiff
353,skim
1999,skimp
38,skinflint
1952,skirmish
2059,skittish
913,skulduggery(skullduggery) dishonest behavior or action; Ex. skulduggery in the election
51,skulk
2789,slack
2387,slacken
2030,slag
509,slake
4664,slander
4378,slap
3839,slapdash
1280,slaughter
695,slavish
1703,sleazy
3693,sledge
1231,sleek
100,sleeper
1852,sleigh
1853,sleight
777,slew
2223,slick
4634,slight
4546,slink
3995,slipshod
4161,slither
4530,sloth
3271,slough
1376,slovenly
2564,sluggard
4063,sluggish
4090,sluice
3663,slur
3407,smart
4043,smattering
870,smear
1072,smelt
3803,smirk
3375,smolder
1079,smother
3732,smudge
3422,smug
4639,sneak
2265,snicker
4067,snip
1696,snivel
4374,snub
2028,snuffle
2648,soar
1270,sober
3714,sobriety
361,sodden
3303,sojourn
352,solace
2765,solder
1651,solecism
3685,solemnity
2285,solicit
2123,solicitor
751,solicitous
3250,soliloquy
3530,solitude
426,solstice
1589,soluble
1271,solvent
788,somatic
4404,somber
1697,somnambulist
795,somnolent
1922,sonic
551,sonnet
732,sonorous
4095,soothsayer
2855,sophist
1132,sophisticated
2229,sophistry
4796,sophomoric
4159,soporific
4368,sordid
4741,sound
1787,sour
4360,sovereign
2922,sovereignty
4721,spangle
1174,spare
1927,sparse
211,spasmodic
2014,spat
421,spate
4710,spatial
831,spatula
1750,spawn
2484,specious
1228,speck
2634,spectral
2437,spectrum
2675,speechless
4528,spendthrift
3290,sphinx-like
439,spin
236,splice
2333,spoilsport
2952,spontaneity
4510,spoof
206,spoonerism
3553,sporadic
2230,sportive
526,sprout
1586,spruce
1484,spry
2130,spurious
129,spurn
125,squabble
2826,squalor
1277,squander
3927,squash
3428,squat
1147,squeamish
1971,squelch
609,staccato
4541,stagnant
4520,staid
1670,stalemate
40,stalwart
2090,stamina
2883,stammer
2214,stamp
3098,stampede
63,stanch
4666,standstill
2919,stanza
1163,start
494,stately
1227,static
2845,statute
700,statutory
2109,steadfast
32,stealth
3121,steep
2941,stellar
3882,stem
805,stem_from
4220,stench
2306,stentorian
1671,stereotype
124,sterile
4385,stickler
3053,stifle
1947,stigma
418,stilted
4447,stink
4758,stint
2251,stipend
198,stipple
4782,stipulate
231,stock
3240,stockade
2062,stodgy
729,stoic
1393,stoke
663,stolid
3509,stoop
820,stout
146,straggle
1599,strangle
1047,stratagem
4276,"strategic military or naval movement (done for training purposes);
maneuver(manoeuver) carefully planned process; stratagem; V: carry out a military
maneuver; use maneuvers in gaining an end"
2110,stratified
2399,stratum
2252,strew
4203,striated
3638,stricture
3604,strident
716,stringent
2758,strut
362,studied
2044,studious
730,stultify
883,stumble
4106,stump
2403,stun
4251,stupefy
4258,stupor
4769,sturdy
3666,stygian
4680,stymie
2493,suavity
3138,subaltern
1776,subdue
3601,subjective
3122,subjugate
2485,sublimate
3418,sublime
2435,subliminal
4568,submerge
1770,submissive
2908,subordinate
3411,suborn
4173,subpoena
3697,subsequent
45,subservient
2462,subside
1052,subsidiary
3628,subsidy
2932,subsistence
4284,substantial
3396,substantiate
1186,substantive
2208,subsume
2414,subterfuge
37,subtlety
3782,subversive
1196,succor
2822,succulent
2748,succumb
3199,suckle
3385,suffocate
840,suffragist
3818,suffuse
2970,suitor
462,sullen
1821,sully
1609,sultry
4142,summation
3943,sumptuous
1454,sunder
2688,sundry
1539,superannuated
699,supercilious
993,supererogatory
1260,superficial
2986,superfluous
4555,superimpose
3541,supernumerary
1502,supersede
4315,supine
4330,supplant
1808,supple
214,suppliant
2670,supplicant
547,supplicate
3143,supposition
3777,supposititious
3835,suppress
4285,surfeit
481,surge
2048,surly
1142,surmise
4116,surmount
4087,surpass
2217,surreptitious
2563,surrogate
637,surveillance
1679,susceptible
1364,suspend
1813,suspense
1540,sustain
2577,sustenance
1243,suture
2446,swagger
2510,swamp
241,swarm
387,swarthy
2219,swathe
1369,sway
1580,swear
841,swear-word
2371,swell
685,swelter
1324,swerve
2735,swill
613,swindler
1921,swipe
2104,sybarite
4056,sycophant
3267,syllogism
2449,sylvan
378,symbiosis
1135,symmetry
1480,synchronous
2956,synoptic
4780,synthesis
1923,synthetic
2106,tablet
3272,tacit
204,taciturn
1662,tact
697,tactful
3565,tactile
1989,taint
559,takeoff
4334,talisman
2538,talon
402,tangential
4351,tangible
3,tanner
1955,tantalize
3155,tantamount
539,tantrum
440,taper
3009,tarantula
133,tardy
3919,tarnish
1998,tarry
3827,tart
114,tatter
274,taunt
103,taut
3527,tautological
3148,tawdry
3400,tawny
2879,taxonomist
2587,tedium
2802,teetotalism
2846,temerity
1771,temper
2267,temperament
3074,temperate
416,tempestuous
2455,tempo
2889,temporal
1469,temporize
2395,tenacious
3291,tenacity
2253,tenancy
420,tenant
1878,tend
4015,tendentious
4255,tender
3532,tenet
4566,tensile
3550,tension
1143,tentative
1053,tenuous
4341,tenure
3865,tepid
121,terminal
3593,termination
680,terminology
1334,terminus
3328,terrestrial
225,terse
3605,tertiary
1312,tessellated
3091,testator
1290,testy
2378,tether
3579,thematic
832,theocracy
1443,theoretical
1149,therapeutic
4192,thermal
2491,thesis
4347,thespian
4237,thrall
4303,thrash
1964,threadbare
11,threat
2771,thresh
4588,thrifty
2614,thrive
1822,throb
4207,throes
4511,throng
4723,throttle
3317,thwart
1920,tickle
1773,tightwad
1008,tiller
1795,timbre
1747,timidity
265,timorous
3219,tinge
2323,tint
4598,tipple
1731,tirade
2444,titanic
1002,tithe
717,titillate
3177,title
2611,titter
2102,titular
4472,toady
2163,toga
1261,token
1039,toll
1440,tome
631,tonsure
876,topography
3556,topple
2696,torpedo
3226,torpor
3581,torque
3112,torrent
1197,torrid
3991,torso
2680,tortuous
4212,toss
2203,totem
842,totter
2583,touching
1963,touchstone
2198,touchy
3728,tout
3547,toxic
3404,tract
405,tractable
4442,traduce
3275,trajectory
1739,tramp
4316,trample
1381,trance
3494,tranquillity
3092,transcendent
2107,transcribe
2335,transgression
2305,transient
2661,transition
2589,transitory
606,translucent
4016,transmute
3421,transparent
1780,transpire
3763,transport
4324,transpose
3127,trappings
291,traumatic
796,travail
4199,traverse
4413,travesty
239,tread
2897,treasure
3759,treatise
3673,trek
2055,tremor
3715,tremulous
1329,trenchant
4367,trepidation
2288,tribulation
1633,tribunal
1313,tribune
686,tribute
540,trickle
3534,trickster
611,trident
3001,trifle
2209,trifling
1219,trigger
891,trilogy
961,trim
52,trinket
4705,trite
980,trivia
3832,troth
2772,trough
2045,truculence
3764,truism
1122,truncate
4221,trunk
4522,tryst
2953,tumid
2277,tumult
1165,tundra
3718,turbid
4133,turbulence
2689,tureen
4097,turgid
2631,turmoil
3967,turncoat
1974,turpitude
329,tutelage
3082,tutelary
580,tycoon
4763,typhoon
3878,tyranny
4599,tyro
3508,ubiquitous
1958,ulcer
2569,ulterior
3655,ultimate
1557,ultimatum
4228,umbrage
4025,unaccountable
2390,unanimity
2933,unassailable
1569,unassuaged
4046,unassuming
4417,unbridled
1060,uncanny
688,unceremonious
3414,unconscionable
844,uncouth
2761,unction
1098,unctuous
3906,underhand(underhanded) done slyly and secretly (being dishonest)
1791,underlying
3278,undermine
4154,underscore
478,understate
1388,undertaker
3205,undulating
3047,unearth
689,unearthly
2447,unequivocal
3568,unerringly
4295,unexceptionable
3566,unfaltering
3037,unfeigned
1632,unfetter
4632,unfledged
2553,unfrock
2391,ungainly
694,unguent
1106,uniformity
581,unilateral
1167,unimpeachable
3825,uninhibited
495,unintimating
94,unique
2940,unison
4611,universal
119,unkempt
2350,unmitigated
1472,unobtrusive
3446,unprecedented
379,unprepossessing
2560,unravel
1138,unregenerate
1365,unrequited
3647,unruly
2083,unsavory
4317,unscathed
2960,unseemly
3333,unsightly
320,unsullied
1020,untenable
2651,untoward
1352,unwarranted
4635,unwieldy
626,unwitting
2415,unwonted
1144,upbraid
3423,upright
3738,uproar
1402,uproarious
2016,upshot
3261,urbane
2590,urchin
270,urge
3256,urgent
4253,ursine
941,usage
561,usurp
3753,usury
816,utopia
2725,uxorious
1090,wade
2527,waffle
1086,waft
3788,wage
3353,waggish
3174,waif
2539,waive
2490,wake
2019,wallow
1590,wanderlust
3157,wane
3477,wangle
2549,wanton
2329,warble
427,ward
1456,warp
4195,warrant
183,warranted
282,warranty
945,warren
3068,wary
1863,wastrel
4464,waver
1530,waylay
226,wean
3688,weary
3327,weather
432,weird
339,well-bred
1441,welt
878,welter
1050,wheedle
1413,whelp
3548,whet
4738,whiff
1582,whim
1571,whimsical
67,whimsy
2898,whine
2092,whinny
4702,whit
1155,whittle
927,wholesome
2929,whorl
2890,wiggle
2337,willful
3555,willowy
1130,wilt
955,wily
698,wince
4222,windfall
4642,winnow
2349,winsome
2465,wisp
1272,wispy
55,wistful
3514,withdrawn
2060,wither
541,withhold
1503,withstand
778,witless
150,witticism
96,wizardry
330,wizened
3831,woeful
2832,wont
2736,worldly
3002,wrangle
4263,wrath
3928,wreak
3903,wrench
4743,wrest
2618,wretch
915,wring
304,wrinkle
4677,writ
2027,writhe
2730,wrongheaded stubbornly wrong
3043,xenophobia
527,yeoman man or farmer owning small estate; middle-class farmer
1492,yield
1166,yoke
2703,yokel
1341,yore
1080,zany
1481,zeal
4129,zealot
3686,zenith
2346,zephyr gentle breeze; west wind
2187,zest
